{"cameraMode":{"drawMode":0,"name":"Shaded","section":"Shading Mode"},"sceneLighting":false,"audioPlay":false,"sceneViewState":{"m_AlwaysRefresh":false,"showFog":false,"showSkybox":false,"showFlares":false,"showImageEffects":false,"showParticleSystems":false,"showVisualEffectGraphs":true,"m_FxEnabled":true},"in2DMode":false,"pivot":{"x":-25.247634887695314,"y":63.274715423583987,"z":-10.12237548828125},"rotation":{"x":0.00462648831307888,"y":-0.9882643222808838,"z":0.14967527985572816,"w":0.030553201213479043},"size":62.478816986083987,"orthographic":false}